hi,hi
Hi  Anyone there?,hi
Hello! please can you help,hi
Greetings :),hi
Hello I need help,hi
Hi Im testing dsx,hi
hey there,hi
Good morning,hi
excuse me,hi
hi,hi
Hi there,hi
Good evening,hi
hi,hi
Hello,hi
Hello,hi
hello testing,hi
Hello,hi
hi,hi
Hey mate hope your well.,hi
Hi can you help,hi
hi,hi
hi,hi
hi,hi
good morning,hi
Hi,hi
Hi can you helpme,hi
hello yes,hi
hello,hi
Hi cant login today with this err The owners accout is not active. This might be caused by expired membership.,problem
I am not able to register my account need your help,problem
Hi I got the message failed to prepare Object-Storage. Would you please give me a suggestion. Thank you.,problem
Hi I am trying to request a new API access key but I dont know what the ID should be for me,problem
When I try to add a model to any project I get an Unauthorized error.,problem
When I insert connection to a file in R I get errors trying to run it,problem
Hi im having some troubles with a shiny app,problem
Hi I have some problems initiate my notebook in my project,problem
I got errors  from SPSS modelerabout connecting to the server how I can solve this issue,problem
Hi Im having trouble calling the endpoint of my deployed model,problem
Uploading data from object storage to rstudio returns an error,problem
Hi I was trying to deploy a model from a notebook. When I run this line it gave me an erro: Invalid token format. Could u help me? Thanks.,problem
Having issues setup WML service,problem
Im following the example it says that I can upload to spark but when I try it says unable to create a new link what am I doing wrong?,problem
I deployed my WatsonML model and have a Scoring End Point that Id like to use from an external app. I keep getting Authentication Failed when I try to invoke it.,problem
Hi I am trying to Import Github Code To Create NoteBook via Github link but the file format is not accepting,problem
jupyter notebook is unable to connect to kernel,problem
hello - Im trying to edit a notebook and the circie just keeps spinning. any idea to get around this?,problem
Hello im doing this tutorial Predict the best drug for heart treatment with IBM Watson Machine Learning (SPSS) and Im having some trouble to reproduce the example,problem
hello message keeps coming which says my services have exceeded limit,problem
Hello I can connect to clodant from pyspark,problem
Hi I need help establishing connection with my cloudant account. I get an error saying Failed to find data source,problem
Hi i need some help when model training they are giving me error on training,problem
Hi I would like to signup for a trail but I am getting an error,problem
Hi My problem is an error when I want to create a new notebook,problem
Hi not able to signup,problem
I keep getting a Failed creating account error,problem
Hi trying to create a note book it is giving error,problem
Im trying to create a python notebook and keep getting an error,problem
Hi when I tried to create a project am getting below error can you pls guide here,problem
I cant see my  spark instance when i go to create a new project,problem
Hi fine I was having difficulty uploading data but its working now,problem
I get error like Exceeded Services Limit,problem
Hi l couldnt able to create a new project,problem
Hello I keep getting error when trying to create account. Can you help me with that?,problem
hello I cannot create a Notebook,problem
Hello I am having trouble logging in,problem
Hi there Im having trouble using my CSV data for my machine learning model,problem
hi my trial has expired can you help?,problem
Is there any free plan for students?,question
How do I add collaborators to my project please?,question
Hello Im trying to upload one 1.5GB tar.gz file and unzip to Object Storage. Could you tell me how to do it?,question
What library do I use to run Sparks Machine Learning library on R in?,question
Hi I wanted to know how to export data from python notebooks?,question
Hi how can I import a flow from spss modeler in data science experience?,question
hi is there link on how to deploy a data analytic model using node-red?,question
How to start creating R notebook?,question
hai how can i do analyze with csv file is there any tutorial on it,question
Hi team how can i import data into a project?,question
i am Student can i have free access,question
hello how can i download a csv file from my notebook?,question
Hi I want to know hoe to use APIs,question
hi i need help writing my dataframe to dashdb,question
how to export to csv in notebook?,question
Is It possible to insert an external source to create Notebook?,question
Hello... i created a Cloudent NoSQL DB and loaded csv in it now how to access the data,question
Hi there how can I upload a series of .zip files then unzip them?,question
hello how to start creating R notebook?,question
Hi how do you add a folder of files to a project?,question
Hi there can i recover a deleted notebook?,question
Hi team How can you change the name of a Notebook?,question
How to upload a dataset from local to RStudio,question
Good morning can you help me upload a shapefile?,question
Hello How can I use deployed models built with R studio in WML?,question
how do i save my data as a csv file,question
Hi is any way to download my files in data assets back to my loacal machine?,question
Hi I created a csv in my notebook but how do I download it to my laptop?,question
How do I start using Watson Machine Learning,question
Good night where to place my file to import it into notebook?,question
how can i extend my trial period,question
How to acess the data in jupyter notebook using pandas?,question
Hi I want to know how to make connection to database,question